"","actual","predicted"
"1",149.46,389.02593485932
"2",507.83,420.831847533622
"3",228.27,487.631533586362
"4",978.44,389.280931033945
"5",273.1,224.233105994772
"6",512.36,587.83664085168
"7",293.11,422.904613350474
"8",548.67,422.130087038592
"9",479.87,569.078945033336
"10",766.85,475.677374903765
"11",439.06,364.808369083753
"12",564.42,594.094811774727
"13",558.4,374.276367230192
"14",391.13,435.71043774513
"15",351.2,327.073089047498
"16",617.07,545.551210321786
"17",526.02,451.28632668979
"18",1145.14648895204,473.684705039877
"19",293.82,361.495803951298
"20",458.87,540.757046746169
"21",296.8,306.225801396324
"22",370.95,556.66561577435
"23",785.06,690.149079124059
"24",913.66,796.04409075608
"25",133.105998857641,253.457084528788
"26",399.28,553.40669060378
"27",603.76,495.335755423084
"28",1145.14648895204,938.528754336609
"29",209.18,260.400326929324
"30",839.14,570.669042766471
"31",599.21,545.278463297173
"32",549.83,736.051369204932
"33",163.53,254.172443632794
"34",543.65,621.595920192493
"35",843.63,365.041374925081
"36",855.95,1024.34872942366
"37",489.97,321.963206896199
"38",406.21,462.266397248201
"39",133.105998857641,320.120321394775
"40",481.33,290.872305337834
"41",384.02,499.539469683665
"42",133.105998857641,281.842698350056
"43",212.81,382.46711206129
"44",1066.23,554.465039840944
"45",514.79,367.251457965515
"46",221.89,351.462912273304
"47",190.57,396.477760837032
"48",481.94,626.330262937851
"49",687.97,449.174218896302
"50",575.03,348.00118140874
"51",133.105998857641,260.974898330582
"52",273.26,556.30120206776
"53",534.56,578.715657101818
"54",392.67,618.631605937873
"55",347.54,402.347596593938
"56",701.38,531.624228592101
"57",322.7,378.470153814877
"58",616.24,468.58851366492
"59",277.05,536.485068300994
"60",155.42,363.835015669017
"61",133.105998857641,234.381571854816
"62",219.5,452.572083352586
"63",423.73,286.131699956708
"64",146.03,344.422516179759
"65",352.83,386.849336579911
"66",466.83,539.985604049743
"67",133.105998857641,212.046563171933
"68",133.105998857641,355.543586876114
"69",353.3,337.393333747174
"70",740.55,408.930959404895
"71",363.22,335.049276745463
"72",192.39,279.818961954734
"73",238.33,323.845672563835
"74",149.42,264.485244185236
"75",546.01,803.97177440449
"76",135.99,328.040254202682
"77",604.24,430.025412279573
"78",133.105998857641,342.048061946166
"79",1145.14648895204,711.197857007032
"80",164.17,285.570150380971
"81",494.8,414.805163530928
"82",449.14,513.094377479506
"83",267.48,408.009736786137
"84",449.31,363.515013164135
"85",973.95,718.868434863736
"86",281.71,321.898126386355
"87",211.73,278.561838835398
"88",187.86,286.269333321761
"89",702.83,692.220930658698
"90",335.34,306.157154411704
"91",410.28,443.240490092901
"92",189.85,369.293696374071
"93",334.61,290.538845806929
"94",312.21,436.021396299749
"95",316,316.976251118466
"96",133.105998857641,263.622835540412
"97",533.83,577.051461331813
"98",831.25,384.151860307097
"99",370.77,503.373823329673
"100",374.16,456.794275000017
"101",216.42,479.333758828577
"102",324.48,458.901706624153
"103",1145.14648895204,474.714419891727
"104",251.92,454.490367509283
"105",1145.14648895204,761.133905905709
"106",557.5,526.984383023585
"107",1145.14648895204,1163.83668766074
"108",340.34,257.016120442513
"109",195.5,302.460858187213
"110",313.13,296.447334727042
"111",598.95,797.137499494345
"112",225.23,240.18160783774
"113",608.89,461.314959429373
"114",476.75,580.157715809419
"115",845.53,422.050072341239
"116",212.05,541.603435108072
"117",761.23,361.342060735213
"118",757.59,494.611179797599
"119",433.03,308.283543029707
"120",570.73,544.439675412072
"121",300.91,297.26885443336
"122",348.33,267.604284196717
"123",394.63,564.69851158304
"124",586.21,315.770173858861
"125",356.62,573.441853218459
"126",216.98,443.592075697916
"127",787.64,467.819044813858
"128",547.9,421.369383585142
"129",936.06,769.007831638167
"130",391.53,497.451537125352
"131",330.94,839.487077271623
"132",324.14,364.555874176579
"133",264.31,393.490621727562
"134",229.23,377.111732092702
"135",1145.14648895204,827.873794137403
"136",339.12,541.998820443315
"137",142.91,329.251883069703
"138",590.55,474.494432725553
"139",474.29,353.585814599659
"140",666.35,557.144982048717
"141",349.55,545.531050917474
"142",365.65,301.829284227398
"143",455.06,507.757035759983
"144",327.41,296.908397781518
"145",528.2,525.590136791744
"146",334.35,353.383026095285
"147",302.59,445.939986298673
"148",338,455.402470583459
"149",294.5,312.431773483469
"150",198.24,269.589736045645
"151",520.38,530.272736497935
"152",135.45,349.751054335295
"153",1145.14648895204,627.592900250767
"154",334.9,363.455174679552
"155",615.41,605.014663296318
"156",340.99,266.446741168493
"157",202.83,258.793387838981
"158",151.97,278.012543231221
"159",452.09,441.718804350275
"160",233.16,263.831220999653
"161",454.76,703.757637030665
"162",674.65,367.76602561415
"163",843.29,592.251471621007
"164",228.44,422.288752688301
"165",433.72,462.008287339669
"166",1145.14648895204,965.553286013995
"167",577.93,916.431999950983
"168",746.99,392.442849922679
"169",325.63,429.542660705734
"170",331.2,364.229130196629
"171",446.11,312.588521487632
"172",300.72,899.034454553006
"173",337,620.517990441917
"174",545.22,347.702413248555
"175",319.41,505.331753096692
"176",849.49,766.321703569185
"177",384.17,673.618298415273
"178",396.86,310.546223062035
"179",635.82,473.302040798717
"180",597.23,448.863919571101
"181",338.45,326.197238652581
"182",415.15,239.188251851851
"183",202.44,297.831617947257
"184",433.46,515.426182566125
"185",199.58,254.623739584393
"186",173.03,364.203946471167
"187",526.49,274.174675485064
"188",242.63,324.223726609934
"189",440.69,406.261176417025
"190",141.09,574.315472182859
"191",740.39,477.538707194373
"192",515.83,508.883469097043
"193",221.79,334.056576332805
"194",358.54,371.024852553712
"195",490.29,723.21025520175
"196",1145.14648895204,686.392994593133
"197",662.53,438.7828617534
"198",218.34,370.462413020767
"199",205.27,246.265776269083
"200",229.24,370.460344065006
"201",1145.14648895204,817.160894425938
"202",483.26,352.513706219206
"203",251.89,371.269551236191
"204",228.38,360.31300898998
"205",250.71,399.612039166567
"206",349.63,543.983271031003
"207",334.3,372.466100420722
"208",162.97,224.476889853126
"209",1145.14648895204,643.444389575099
"210",191.57,301.265494533081
"211",321.06,326.379160645039
"212",1145.14648895204,608.041745679774
"213",184.05,325.761770498255
"214",357.52,332.76286206823
"215",979.84,495.058912741966
"216",779.83,468.471553741953
"217",431.32,715.575889600968
"218",829.51,631.657816031625
"219",970.33,730.725572352149
"220",446.91,296.799062264362
"221",532.57,677.628269934356
"222",144.77,278.855015843924
"223",1145.14648895204,540.839998652517
"224",708.86,649.725856053586
"225",530,289.464833254802
"226",459.47,543.016487139408
"227",358.59,392.508839873625
"228",346.31,408.749157240839
"229",238.9,384.690382674579
"230",503.51,528.839722580629
"231",1145.14648895204,548.706571912427
"232",395.08,416.625503608128
"233",133.105998857641,271.193665139803
"234",1014.27,783.099932440101
"235",654.68,634.91835651098
"236",342.96,450.538745388434
"237",392.84,280.653631251103
"238",510.13,297.062227720232
"239",527.31,612.653111784632
"240",133.105998857641,292.30578852055
"241",296.94,378.301462470219
"242",313.7,388.255832878068
"243",688.58,536.008129158605
"244",710.67,416.744467348212
"245",583.09,285.040186160426
"246",1145.14648895204,551.85349095532
"247",472.8,236.65152047732
"248",133.105998857641,337.413461833973
"249",428.44,428.212379970327
"250",414.81,524.600504589033
"251",133.105998857641,244.000362321098
"252",287.96,487.107584751942
"253",671.57,495.022315464259
"254",198.4,359.885472055817
"255",247.36,375.912367445604
"256",264.95,379.832360022042
"257",325.25,295.9983692277
"258",382.17,335.147755928758
"259",1145.14648895204,632.847317279685
"260",864.52,466.011357875294
"261",570.47,486.137780620751
"262",508.47,336.321703028911
"263",465.97,691.611811149405
"264",343.42,566.478651265138
"265",782.21,788.74276846162
"266",833.78,665.792183624382
"267",314.75,663.595202828728
"268",534.51,849.105341123806
"269",1145.14648895204,630.233257768441
"270",200.11,360.681017856472
"271",215.28,302.274809810899
"272",1145.14648895204,862.871752709863
"273",342.84,371.559087792168
"274",469.43,690.184371482239
"275",187.67,209.305592933447
"276",276.76,281.005692428727
"277",449,423.37436215687
"278",531.63,248.367582018133
"279",357.78,443.41641489107
"280",254.45,477.013397912593
"281",386.45,307.880777581218
"282",367.43,470.403104519524
"283",133.105998857641,293.323111160754
"284",133.105998857641,359.155628900257
"285",133.105998857641,214.379028526031
"286",688.64,817.800574699204
"287",903.47,382.45794717308
"288",350.76,562.624141861878
"289",316.6,621.127055324579
"290",162.87,449.605507578117
"291",612.45,806.026707207152
"292",608.14,604.715330529858
"293",246.99,341.554323205914
"294",379.42,495.519962141551
"295",905.17,504.076841379968
"296",298.33,379.15627019622
"297",320.24,348.35989179678
"298",568.38,806.452501881571
"299",285.91,387.816230770283
"300",234.17,377.148008726328
"301",291.96,254.866867632525
"302",133.105998857641,285.457165920024
"303",863.86,707.237411177584
"304",415.11,413.306608438158
"305",322.3,383.79001283578
"306",379.56,418.284570583104
"307",251.3,285.109251023007
"308",175.95,325.872312074762
"309",674.48,494.766428369322
"310",444.06,565.100843975527
"311",469.51,493.748173891428
"312",1145.14648895204,589.714402246531
"313",292.16,378.145978605138
"314",314.7,312.11586776822
"315",1145.14648895204,435.287765765908
"316",742.19,785.553363407014
"317",333.15,386.512563746872
"318",664.76,503.20959897586
"319",374.96,382.456860978254
"320",474.59,473.401255482248
"321",348.06,371.038925732193
"322",255.6,480.361992571795
"323",301.85,229.800888276109
"324",813.27,340.439290195931
"325",304.51,415.064010200975
"326",656.33,395.31326963148
"327",133.105998857641,357.356213805787
"328",144.11,405.889117901694
"329",376.35,599.839914150796
"330",1018.81,599.340402513216
"331",194.62,353.750464403886
"332",285.32,297.7075601916
"333",268.99,381.060233134515
"334",462.89,513.270775788297
"335",563.07,717.26107850887
"336",899.04,643.018325383378
"337",211.62,292.199378721354
"338",133.105998857641,378.038181496578
"339",609.77,296.041009832039
"340",217.46,301.985042669951
"341",172.83,370.993344927012
"342",436.3,267.157057605334
"343",343.73,320.859719800647
"344",750.3,715.493542535138
"345",151.63,272.839780015578
"346",405.02,338.085663144263
"347",532.26,431.482406097525
"348",145.42,317.370753771018
"349",324.17,277.166020268516
"350",449.56,367.103355249001
"351",650.29,365.087035494404
"352",1145.14648895204,894.49628450069
"353",385.01,535.574343097128
"354",823.78,425.027775339205
"355",528.25,461.963721386713
"356",215.25,212.752612757683
"357",417.96,253.858944109393
"358",1058.83,563.572933968083
"359",1114.2,945.21113623409
"360",827.12,271.812253087506
"361",196.23,334.298787629283
"362",487.04,381.388571547621
"363",307.47,514.309594052059
"364",497.53,645.987279048017
"365",574.99,559.144296689289
"366",433.55,416.980533980005
"367",262.8,358.695582785066
"368",374.7,483.342779453102
"369",199.2,305.64611036368
"370",551.36,552.224995141719
"371",302.84,474.752145740305
"372",299.89,344.554589622526
"373",435.51,310.160791950743
"374",386.24,687.417553439865
"375",568.33,328.480197821836
"376",167.54,375.890858121105
"377",320.22,280.245115416676
"378",347.75,464.597928023184
"379",412.97,324.062364969705
"380",133.105998857641,327.26280126861
"381",840.87,451.667628652732
"382",274.3,612.04200022846
"383",623.17,362.571221017919
"384",543.66,372.584589109029
"385",351.74,410.6037861325
"386",367.89,386.083707532799
"387",647.95,304.935494706647
"388",341.23,272.974193088343
"389",1145.14648895204,689.091301922834
"390",331.66,390.66646561894
"391",599.78,573.944439927113
"392",370.11,360.413678204493
"393",683.39,397.925628547658
"394",645.77,776.730416772723
"395",299.03,544.848921496176
"396",425.75,481.525632957714
"397",270.34,352.513228987817
"398",340.72,545.928324849536
"399",900.57,400.80322347075
"400",699.91,602.824401825158
"401",336.69,258.63100848933
"402",303.54,228.384466730336
"403",1145.14648895204,845.845734764099
"404",484.25,369.450771403422
"405",310.17,347.808748048103
"406",675.59,271.208184390715
"407",428.55,365.083726391164
"408",848.6,339.322238486188
"409",329.07,231.526499498414
"410",396.41,420.266574333023
"411",571.18,334.834317777313
"412",1145.14648895204,639.30330813009
"413",543.51,300.407283919731
"414",453.9,538.9172127107
"415",287.18,278.126238060286
"416",484.92,269.786062383382
"417",360.69,432.790052633106
"418",419.53,504.514107757394
"419",1145.14648895204,656.060468298791
"420",467.6,456.23064749144
"421",491.28,611.117411553968
"422",1145.14648895204,420.056897829459
"423",561.12,409.748759416465
"424",285.43,322.101487836345
"425",133.105998857641,291.01651901961
"426",403.15,801.105103625715
"427",1145.14648895204,618.378302763521
"428",201.4,520.021732133147
"429",424.53,383.890962971576
"430",567.1,362.340301671019
"431",245.53,749.087732391681
"432",598.51,421.985899622634
"433",358.53,220.780474883269
"434",612.8,417.802289516978
"435",1107.89,550.281517199525
"436",176.28,316.737873637137
"437",403.37,298.567943953661
"438",613.06,494.591201277139
"439",430.35,411.097273663455
"440",138.87,308.719520844609
"441",304.65,432.691738298965
"442",490.74,500.888258595968
"443",230.78,294.242075392262
"444",667.8,784.298803187974
"445",256.02,504.524084195533
"446",315.37,363.910688968631
"447",344.59,503.575936071325
"448",501.91,487.753603411118
"449",508.47,590.390581221278
"450",683.46,323.118361180604
"451",715.54,625.37173544404
"452",671.85,562.668793060159
"453",136.61,359.337416878148
"454",442.17,449.996423400674
"455",322.36,718.846909847621
"456",1145.14648895204,783.882172727168
"457",196.02,250.699879540957
"458",699.49,308.859354114695
"459",133.105998857641,297.88248526825
"460",334.99,249.668796155431
"461",615.08,567.843687837297
"462",224.86,870.771369503587
"463",605.07,669.893276447778
"464",294.99,299.588069841083
"465",553.07,612.360539327731
"466",271.2,352.148717886287
"467",146.2,354.722359162852
"468",785.5,486.890289336964
"469",504.01,366.725355219181
"470",388.56,341.003685986604
"471",172.94,252.225849933567
"472",1090.96,441.239016309628
"473",632.29,698.473711154534
"474",261.24,202.67483620759
"475",135.55,216.429884183046
"476",439.38,346.926408840559
"477",544.09,773.99590194516
"478",557.28,433.712340449928
"479",817.39,585.824542043008
"480",256.44,265.592737536928
"481",276.32,347.629740293653
"482",416.01,246.577402359097
"483",354.47,371.032188823881
"484",383.42,312.052901516838
"485",148.98,345.308322264663
"486",582.08,514.958897477237
"487",524.88,625.147939724788
"488",580.07,524.054918460663
"489",201.45,277.275124973706
"490",413.52,379.593729232298
"491",522.31,321.734980133321
"492",165.38,315.370657923907
"493",565.26,350.31086093881
"494",523.61,447.107190423324
"495",219.36,238.77616695873
"496",191.21,290.220454487605
"497",252.62,340.963337606537
"498",1145.14648895204,513.110800192997
"499",133.105998857641,303.045328367147
"500",378.93,377.161683527442
"501",133.105998857641,473.877114094931
"502",168.95,418.15933751131
"503",417.58,450.667937862708
"504",140.36,388.250476434778
"505",188.65,314.382654307314
"506",614.18,615.402516503283
"507",456.22,257.021906759723
"508",519.35,385.264803866635
"509",619.78,354.823902605356
"510",190.33,327.315183907457
"511",490.23,241.026458170544
"512",666.34,700.118557771013
"513",748.64,681.30140469229
"514",279.78,646.027906827944
"515",1145.14648895204,849.203859246148
"516",334.26,309.427687126821
"517",782.11,422.759418015694
"518",979.8,652.704888443207
"519",1145.14648895204,547.897365325793
"520",370.69,394.510596430672
"521",432.69,447.92366764925
"522",346.44,504.909252928766
"523",596.18,640.392802200819
"524",246.66,240.794618478713
"525",249.52,217.689066580523
"526",861.13,435.354497085484
"527",877.35,940.365976936504
"528",810.97,511.336343053407
"529",133.105998857641,301.009634204969
"530",194.65,720.49069170817
"531",192.87,374.502473362554
"532",564.54,427.291961409741
"533",152.3,237.840087509866
"534",944.34,988.556455196623
"535",505.11,580.617882123448
"536",482.13,284.871122133431
"537",342.22,337.577625114082
"538",349.01,455.385048375232
"539",816.2,533.68450107736
"540",838.09,581.92665116924
"541",784.53,491.243852382914
"542",767.1,503.079895105882
"543",374.33,281.574976201316
"544",387.46,381.131312552442
"545",306.67,414.650741023081
"546",681.03,665.937812689514
"547",226.49,544.135514085639
"548",296.71,316.518413240166
"549",166.42,211.735631855708
"550",870,630.921198621325
"551",328.27,519.02823779494
"552",464.51,515.94939231065
"553",217.41,319.001915354963
"554",682.93,308.542327323146
"555",194.9,325.909565170933
"556",252.2,317.426415354759
"557",438.53,659.537825553944
"558",133.105998857641,375.754053862245
"559",733.08,294.504806938851
"560",381.12,875.486683552117
"561",537.37,379.202481090673
"562",1132.85,561.184214642617
"563",812.58,432.936339912301
"564",767.88,527.535844352412
"565",546.78,423.142941853967
"566",189.05,464.864464266088
"567",955.17,862.813251643016
"568",386.55,294.096285360245
"569",335.88,497.954913195516
"570",142.9,310.159594602956
"571",245.58,353.632301105204
"572",771.56,733.930649807368
"573",514.93,693.649299249051
"574",591.89,410.329327430542
"575",391.72,470.29066744245
"576",186.76,330.32079158163
"577",991.4,420.161401825029
"578",329.72,314.6768273191
"579",424.18,432.578332425296
"580",445.21,310.175253953873
"581",371.57,437.887372604751
"582",278.34,449.896606048172
"583",472.48,498.604717707111
"584",133.105998857641,352.354761463945
"585",1091.09,988.021534257318
"586",303.81,620.928785400569
"587",623.44,572.890452117679
"588",490.22,390.187414996201
"589",235.67,260.311816691994
"590",133.105998857641,226.476102166025
"591",133.105998857641,258.36992053911
"592",262.12,271.52601296835
"593",447.72,432.150326276131
"594",473.38,461.775880906213
"595",169.81,328.346281171042
"596",460.62,368.986879975923
"597",354.52,685.40433399314
"598",213.45,334.790103155271
"599",133.105998857641,295.503384401288
"600",438.87,301.144036668225
"601",503.38,453.453565110307
"602",398.8,374.915775885085
"603",254.45,227.283470395182
"604",374.04,380.361208094127
"605",537.26,575.256232687994
"606",526.07,330.151451358984
"607",133.105998857641,171.819817973344
"608",676.32,346.370459786034
"609",592.99,1142.84431727103
"610",816.82,922.732102287642
"611",505.29,369.487583598514
"612",606.57,280.432161615321
"613",362.32,253.752010281164
"614",1037.41,690.757778902022
"615",417.87,323.527413021916
"616",494.71,481.711402426802
"617",521.17,625.754997590949
"618",412.59,268.721388788839
"619",350.8,382.925037719872
"620",439.79,535.455591510314
"621",336.33,453.756822504635
"622",308.17,328.965427462882
"623",464.51,523.001982777784
"624",264.98,529.434548640933
"625",502.84,669.575658935246
"626",627.4,414.306115764849
"627",224.9,258.075362841216
"628",425.69,453.701201003155
"629",1025.42,704.944599547348
"630",346.57,333.738240260423
"631",427.01,467.047939206545
"632",283.21,245.503119084576
"633",1145.14648895204,1001.44028308936
"634",261.37,284.661902055046
"635",398.17,357.809280158621
"636",588.32,283.622283357295
"637",555.05,595.663693733245
"638",350.43,298.29229404956
"639",646.69,472.991311614206
"640",451.91,515.612902353326
"641",847.9,581.39745608061
"642",432.69,398.078329775422
"643",1023.24,570.888228197224
"644",158.33,308.568110920727
"645",188.27,382.56725055329
"646",447.97,435.50728610867
"647",258.02,380.732122799444
"648",609.77,473.79585516454
"649",390.29,652.905506439581
"650",472.63,535.612487259296
"651",468.45,309.167627418315
"652",534.13,277.122504163758
"653",562.33,304.977019495943
"654",165.31,236.243519571365
"655",358.71,527.818163633864
"656",354.91,238.671359980222
"657",407.79,364.393960765952
"658",327.65,214.812808872723
"659",471.3,523.015230125551
"660",258.84,437.79647262685
"661",315.74,455.490204718098
"662",454.12,580.949828517479
"663",1054.83,540.234449375472
"664",411.68,233.538294707232
"665",356.86,499.768248933111
"666",396.16,223.209078093448
"667",475.47,476.800620948529
"668",509.96,694.315273395952
"669",554.13,505.172938554539
"670",513.01,435.043651386942
"671",1145.14648895204,510.841245025999
"672",263.99,353.162060021984
"673",851.82,408.430630529768
"674",332.4,318.715300559374
"675",410,328.097870620878
"676",308.69,428.675055196443
"677",1088.45,437.725965297539
"678",675.64,415.289796879476
"679",272.07,285.233672851962
"680",230.07,571.016655709972
"681",282.05,253.715756471154
"682",805.79,743.290558743825
"683",154.99,253.239860541405
"684",349,460.552982670842
"685",438.09,461.356796560461
"686",308.93,818.763717238579
"687",504.86,561.208555119585
"688",259.46,310.03938806721
"689",1028.39,792.851746015935
"690",605.39,481.737763739789
"691",470.32,333.261827863677
"692",1136.35,421.309476273345
"693",387.17,229.289072675712
"694",430.18,492.552341857002
"695",222.74,482.669458125013
"696",390.63,530.538049147429
"697",150.01,242.566990675776
"698",517.36,479.72541564741
"699",965.18,389.325879925106
"700",1022.49,982.097642162957
"701",1145.14648895204,507.656982210634
"702",402.75,661.658421404992
"703",156.49,347.365746462163
"704",391.15,237.883329695616
"705",192.34,264.175192798262
"706",477.68,513.983724006366
"707",133.105998857641,225.171302053964
"708",153.7,333.561718278231
"709",1004.24,681.629383040348
"710",572.36,489.406054866271
"711",214.36,356.249195365684
"712",225.96,266.094248827518
"713",423.43,502.421940433287
"714",1145.14648895204,750.720283619639
"715",533.05,357.080925309335
"716",517.1,416.188220954588
"717",521.54,533.529627343466
"718",452.83,295.345014121822
"719",421.55,398.560773857396
"720",616.02,745.810651237237
"721",605.17,735.552817824805
"722",211.08,464.716883314397
"723",366.68,296.340686170467
"724",642.72,394.473869215151
"725",406.85,474.656485104278
"726",133.105998857641,319.101551553645
"727",240.26,348.199493343978
"728",736.13,267.971447255098
"729",234.6,254.037817835514
"730",1083.03,662.863552313866
"731",336.86,359.350664270229
"732",465.9,535.702671805885
"733",251.03,307.695057825758
"734",453.93,235.093944490319
"735",776.42,819.517958752645
"736",208.47,355.35201882336
"737",271.78,236.7293652553
"738",185.74,301.445762571411
"739",736.09,760.969484648397
"740",686.61,583.18685421304
"741",806.15,421.252036988846
"742",269.33,300.047948493231
"743",218.29,532.160846969473
"744",346.47,257.45056657232
"745",748.41,579.376859321583
"746",252.34,307.765244130748
"747",216.19,269.047814580539
"748",515.02,417.603536666475
"749",432.81,430.025384867265
"750",551.63,541.004657603544
"751",637.2,593.449667585646
"752",1145.14648895204,1161.8815886164
"753",360.23,240.955916714807
"754",156.67,273.554326586964
"755",481.94,429.655908943828
"756",1145.14648895204,784.026384606208
"757",1145.14648895204,689.200643787151
"758",780.89,581.776663370562
"759",220.63,334.069220288156
"760",1145.14648895204,492.945135212287
"761",460.19,413.21664633696
"762",568.91,306.896867417837
"763",299.23,338.524206599656
"764",445.56,327.60770116703
"765",204.41,489.776326430088
"766",426.24,530.321242935532
"767",318.2,287.524347180914
"768",227.75,318.606287345951
"769",664.37,541.348598218273
"770",347.24,608.37717251145
"771",238.29,436.612726300746
"772",408.15,329.556344718756
"773",407.21,581.490609107752
"774",310.16,268.926466436602
"775",190.99,609.820204208256
"776",751.02,611.010125670864
"777",193.5,377.617760890785
"778",394.24,261.379335983496
"779",289.01,276.489382997398
"780",595.99,427.903419620903
"781",376.51,496.804246265254
"782",465.09,425.33915890405
"783",213,363.947020963366
"784",191.52,309.461779076926
"785",409.09,249.177396598669
"786",133.105998857641,239.740293106519
"787",314.58,324.740746969686
"788",326.47,330.428148045202
"789",222.89,364.01818567709
"790",1145.14648895204,516.99785463574
"791",133.105998857641,344.049442861456
"792",408.75,352.677292396922
"793",319.91,342.968430825251
"794",474.43,275.096266424716
"795",372.7,575.386271659382
"796",536.39,485.855314449233
"797",356.84,463.807811964037
"798",178.31,321.726363734154
"799",206.17,224.82571884606
"800",538.29,468.135642443205
"801",275.81,487.73832544796
"802",695.53,707.268076718772
"803",418.75,448.980494116079
"804",437.74,549.421355855727
"805",599.79,538.267809592596
"806",562.58,418.334259930161
"807",432.69,675.658278828072
"808",381.11,318.22879458579
"809",466.76,604.621616436811
"810",368.84,383.050914661871
"811",297.11,377.834156476034
"812",317.77,276.670691599393
"813",781.08,645.719552969645
"814",204.79,323.728207982843
"815",309.76,570.938099121097
"816",153.78,309.098694794297
"817",556.67,346.421411117829
"818",133.105998857641,204.085198791978
"819",234.68,301.116888088872
"820",280.02,257.681557745018
"821",265.99,360.964246678619
"822",797.32,593.676083617353
"823",332.25,306.299867593586
"824",739.4,503.510300678959
"825",144.62,343.256280312184
"826",1107.08,788.646948578587
"827",468.57,310.207149277492
"828",828.89,518.782115108123
"829",497.23,293.784185792297
"830",393.99,262.067744393298
"831",691.79,979.079085838541
"832",133.105998857641,227.420023078094
"833",584.41,386.236082371851
"834",689.39,755.912272380152
"835",996.68,438.613310017766
"836",447.96,273.165637868367
"837",293.63,282.047961656423
"838",227.75,302.919571944194
"839",273.64,242.818098715849
"840",387.47,454.085331329811
"841",275.43,313.217439841831
"842",422.21,306.015803434784
"843",427.2,345.277941233487
"844",1145.14648895204,709.305085208204
"845",267.1,447.750192919708
"846",373.95,472.52127185388
"847",316.58,426.093797436453
"848",462.94,289.139432353272
"849",707.74,683.610316723403
"850",507.56,424.890861348975
"851",1145.14648895204,424.763493544302
"852",694.86,327.781556735969
"853",214.52,250.910492052204
"854",206.1,391.783624551966
"855",456.73,560.334250857971
"856",575.97,460.844530739877
"857",215.01,445.129268050601
"858",133.105998857641,204.573639692756
"859",281.46,349.572238966728
"860",133.105998857641,343.060738187048
"861",835.78,532.394892727917
"862",1132.11,536.084311665105
"863",633.18,458.440226214751
"864",377.85,282.204494279378
"865",316.26,263.286653217198
"866",831.38,765.487998777615
"867",205.78,486.490108650626
"868",133.105998857641,354.149292835505
"869",408.81,353.837054730621
"870",141.05,357.341838354068
"871",660.24,952.347002866641
"872",465.57,421.078633799888
"873",1008.91,754.166747518324
"874",562.54,563.996723244711
"875",214.04,235.942269633578
"876",133.105998857641,289.061471784971
"877",540.7,861.024078715217
"878",328.92,273.738250646677
"879",1145.14648895204,573.554401122384
"880",459.25,399.742694696652
"881",550.09,385.184358347493
"882",260.13,366.132569158772
"883",397.38,431.414096883172
"884",181.83,332.332866040023
"885",465.23,569.53654685692
"886",506.54,562.347690095893
"887",427.83,302.827966864598
"888",326.59,345.838109644156
"889",1145.14648895204,442.028477104032
"890",453.27,447.113239631823
"891",1145.14648895204,1017.56759793961
"892",1113.5,809.864155240743
"893",1145.14648895204,923.836647327794
"894",1145.14648895204,734.351121711993
"895",433.84,317.687507972779
"896",397.11,604.367468923425
"897",543.55,403.907167334192
"898",337.31,293.171305401411
"899",409.63,339.397788452687
"900",988.38,1011.60958321541
"901",747.62,390.867462365488
"902",276.17,362.611772305214
"903",146.09,318.924428645377
"904",464.4,561.88595256456
"905",357.35,335.231271646153
"906",302.93,381.135472950328
"907",804.48,682.199922907802
"908",400.02,339.652372712048
"909",1145.14648895204,706.062492890824
"910",1145.14648895204,847.781974181619
"911",1145.14648895204,614.937311932395
"912",255.82,320.159925619421
"913",345.47,456.634031868112
"914",133.105998857641,227.10954838488
"915",1036.06,846.590645706968
"916",584.01,809.145529087234
"917",579.15,361.700964243476
"918",395.41,271.919374380805
"919",294.48,606.810970348656
"920",260.79,258.466442330741
"921",680.72,421.859196309457
"922",274.82,303.041599219727
"923",403.05,550.305451360479
"924",575.11,368.144936891226
"925",159.81,350.044041103063
"926",201.56,241.17051916377
"927",173.18,323.150344508355
"928",568.21,330.730143837653
"929",563.5,314.588139415156
"930",499.87,465.27094287195
"931",710.73,425.159943159344
"932",314.26,291.332795701805
"933",942.15,548.987153566661
"934",340.67,354.3601667602
"935",563.65,421.761743227621
"936",488.23,476.89043812738
"937",415.56,496.66497632404
"938",133.105998857641,308.370218631808
"939",371.21,451.049081800396
"940",823.95,780.792542296512
"941",641.16,691.215827578096
"942",485.81,444.882169511793
"943",385.36,337.512865713717
"944",440.37,313.912900415031
"945",227.09,365.049335607702
"946",301.74,699.556465056543
"947",443.93,326.184276977443
"948",1145.14648895204,938.353407561702
"949",1145.14648895204,767.487688230291
"950",444.92,704.623010120332
"951",927.19,240.167374265358
"952",155,343.533360326963
"953",250.53,299.925658881032
"954",133.105998857641,276.399949812526
"955",324.36,350.914965240315
"956",229.49,403.058532434201
"957",166.43,293.611288524174
"958",448.07,558.375954620684
"959",230.4,345.290781792792
"960",508.23,332.581545924105
"961",439.96,418.96750061659
"962",215.7,338.712730249837
"963",791.37,628.978502801751
"964",335.87,302.375821831502
"965",218.94,454.216311871351
"966",1145.14648895204,520.374260811803
"967",338.68,319.113888212271
"968",700,701.790100244323
"969",304.41,376.93935706897
"970",317.75,390.953314609536
"971",293.52,297.311544835324
"972",209.09,290.981198675301
"973",729.9,279.703398836633
"974",842.64,536.935940576043
"975",509.12,964.544465161085
"976",516.5,450.96827337429
"977",569.26,479.507474198482
"978",267.3,395.283344643229
"979",176.87,203.56545714435
"980",517.81,271.217904306039
"981",1145.14648895204,789.602566872965
"982",674.96,684.878804004093
"983",482.63,319.698225126665
"984",265.92,263.198439653541
"985",299.71,247.415482757415
"986",241.24,533.196673539377
"987",565.93,337.374892816053
"988",994.68,819.286559907918
"989",411.98,532.150161075444
"990",369.51,415.150737313753
"991",580.91,496.222423513285
"992",413.03,687.950849901413
"993",225.96,261.296459854698
"994",1145.14648895204,675.164680454092
"995",510.76,481.059813563175
"996",391.26,398.634711887055
"997",867.53,572.813499108856
"998",527.85,526.861935255528
"999",325.19,352.830472196649
"1000",198.02,549.566334919818
"1001",1145.14648895204,790.287948720859
"1002",708.82,537.610114479939
"1003",427.86,337.888801446204
"1004",213.02,282.788654181255
"1005",498.95,669.410597537287
"1006",318.57,321.549900790501
"1007",133.105998857641,352.963329217024
"1008",435.74,375.426033312852
"1009",238.84,310.899627652028
"1010",300.96,321.33340424696
"1011",507.43,496.898955047679
"1012",295.53,279.647379646291
"1013",743.53,462.723964641744
"1014",229.84,276.768830065563
"1015",198.06,284.558279910676
"1016",148.89,297.464391108263
"1017",507.24,486.187416601888
"1018",303.74,392.505244344969
"1019",577.57,622.172039401921
"1020",828.98,771.242127950454
"1021",532.92,314.028599087666
"1022",318.47,360.0217591553
"1023",477.6,356.565267224721
"1024",227.65,239.469411179896
"1025",303.37,309.65810313489
"1026",211.89,414.427689852384
"1027",136.75,376.573532995376
"1028",565.99,432.618768147682
"1029",508.31,350.98418059132
"1030",133.105998857641,231.717503826666
"1031",305.79,258.709628245111
"1032",271.76,278.005947762985
"1033",415.33,320.079144048492
"1034",1145.14648895204,513.085382468233
"1035",388.43,478.344393547702
"1036",133.105998857641,217.904598950594
"1037",339.21,436.974972197673
"1038",452.98,248.374668401205
"1039",501.21,361.982388274019
"1040",1145.14648895204,523.48645981069
"1041",174.79,267.61834386463
"1042",834.21,480.020372845781
"1043",290.86,304.101243108974
"1044",159.05,336.50157214174
"1045",452.46,661.788470175311
"1046",235.6,337.594485708263
"1047",406.93,337.405905033854
"1048",523.95,615.521821635388
"1049",279.81,452.985938699485
"1050",1145.14648895204,713.828040742192
"1051",665.5,452.177810612624
"1052",546.66,555.429955762397
"1053",357.48,374.527024433212
"1054",1048.4,381.442858776271
"1055",254.9,223.250009699862
"1056",262.46,716.991114671629
"1057",202.82,537.541109255717
"1058",210.49,250.29171656288
"1059",660.89,442.928233068782
"1060",992.1,533.882496560023
"1061",745.18,460.306318178268
"1062",366.69,303.019156975131
"1063",826.35,519.606313145679
"1064",809.57,336.939719559102
"1065",629.45,504.220179376887
"1066",707.11,270.736567959527
"1067",224.07,333.306909048054
"1068",381.72,419.319657982859
"1069",280.28,265.688960979475
"1070",650.63,534.927720445274
"1071",803.87,574.324281171054
"1072",527.29,270.011111065672
"1073",635.96,518.241586589438
"1074",797.44,863.898880842689
"1075",490.8,449.206546073595
"1076",499.32,340.946456739658
"1077",317.89,303.609596588829
"1078",192.93,352.485731326745
"1079",663.7,500.02103620136
"1080",215.62,334.76662433526
"1081",373.86,326.936811836149
"1082",387.27,325.690786447468
"1083",240.03,427.394246324297
"1084",408.2,390.636697845802
"1085",414.12,522.35661964312
"1086",391.23,400.734795074579
"1087",1066.36,473.99330831678
"1088",219.86,362.2757338715
"1089",199.08,234.419509998487
"1090",375.29,315.786154018192
"1091",466.52,346.96566137009
"1092",751.97,535.305771315507
"1093",320.84,350.71548347526
"1094",489.8,560.258302724723
"1095",586.1,650.401173165514
"1096",268.8,302.148803337981
"1097",142.95,278.554341623795
"1098",637.24,552.340206059583
"1099",387.09,451.189670202762
"1100",314.9,273.191053436942
"1101",297.71,396.461649167036
"1102",1145.14648895204,1020.18626972367
"1103",672.84,668.660849257289
"1104",362.92,457.724197282588
"1105",133.105998857641,411.77232173847
"1106",319.72,401.936391255435
"1107",880.31,543.574561221912
"1108",467.19,418.247397213649
"1109",442.81,495.943272271508
"1110",263.44,290.870808458059
"1111",404.87,388.374006967776
"1112",1145.14648895204,413.888802837574
"1113",315.3,483.91101791957
"1114",226.5,304.479507660937
"1115",235.39,316.061141817319
"1116",133.105998857641,279.528363250191
"1117",189.26,325.318119004972
"1118",674.33,547.638535187965
"1119",312.6,366.945308058065
"1120",290.71,443.381455751718
"1121",133.105998857641,304.21054688301
"1122",133.105998857641,269.169204480369
"1123",484.5,549.835476175228
"1124",407.28,500.000882655179
"1125",317.4,365.856166187669
"1126",174.61,253.23269364501
"1127",360.11,284.539343877359
"1128",565.16,686.419119756243
"1129",275.17,368.329149731902
"1130",1145.14648895204,674.09399999206
"1131",535.33,558.033179616786
"1132",806.3,970.412224429506
"1133",359.75,359.562086136641
"1134",779.76,480.750847646006
"1135",286.23,374.782788122697
"1136",190.34,308.088224106619
"1137",278.38,326.643221671946
"1138",281.8,321.319120192102
"1139",371.74,293.998854572465
"1140",262.23,313.285626788669
"1141",579.9,482.184739320543
"1142",357.82,690.677702995071
"1143",805.55,289.843916706316
"1144",741.9,709.261499324445
"1145",285.7,367.123019822017
"1146",292.84,371.775474028168
"1147",196.37,365.218153150542
"1148",440.17,680.78280425704
"1149",184.07,393.686019564156
"1150",209.11,498.729181115519
"1151",393.26,233.221352534357
"1152",433.66,286.773148377946
"1153",570.93,348.069548219209
"1154",437.8,444.782489021433
"1155",1145.14648895204,588.361512580594
"1156",185.98,315.468331201329
"1157",533.59,421.992642131012
"1158",797.43,690.342713421797
"1159",340.54,238.044261876385
"1160",512.03,373.961222707867
"1161",509.02,294.310464391593
"1162",157.88,240.292110611128
"1163",467.2,612.649850931222
"1164",600.65,909.757063243725
"1165",349.21,659.92934373764
"1166",609.17,453.447152561981
"1167",1145.14648895204,808.011344211029
"1168",494.37,339.015413372505
"1169",312.83,426.907703795277
"1170",508.49,288.39926757162
"1171",169.09,305.78641510061
"1172",286.43,228.613293957023
"1173",493.7,347.772536922259
"1174",197.11,218.420874417459
"1175",781.21,420.732716267544
"1176",1145.14648895204,492.090596296957
"1177",344.2,483.580770029942
"1178",169.06,311.788350864972
"1179",244.55,393.127907177164
"1180",424.71,333.734662168849
"1181",446.3,364.089956536633
"1182",278.23,355.176482356824
"1183",731.92,742.79120113455
"1184",900.85,302.781565280269
"1185",329.36,413.871670218638
"1186",197.37,395.945930041236
"1187",565.49,398.874210614617
"1188",133.105998857641,242.325316281845
"1189",290.46,387.714809466342
"1190",560.87,564.665702851249
"1191",986,639.02479883319
"1192",576.58,369.409144808422
"1193",393.06,281.885879137588
"1194",457.71,414.142776390606
"1195",592.77,455.976180540414
"1196",377.71,479.554215086311
"1197",919.87,768.273584620005
"1198",290.2,294.805852556184
"1199",704.48,338.992753654679
"1200",133.105998857641,243.172928117329
"1201",411.47,598.660745837703
"1202",694.28,694.29876777564
"1203",195.86,384.315214583644
"1204",133.105998857641,213.015177953717
"1205",471.21,363.861159874577
"1206",341.37,305.653467684726
"1207",324.06,381.688125419317
"1208",336.15,423.110223799519
"1209",630.16,379.551409637647
"1210",331.1,348.675593208768
"1211",133.105998857641,288.886674515613
"1212",475.18,313.113701555089
"1213",291.16,374.045737216843
"1214",726.85,544.484483859578
"1215",681.66,1002.11118692056
"1216",554.5,388.913495686287
"1217",686.77,425.018675400781
"1218",133.105998857641,204.74514550868
"1219",291.92,317.751258673234
"1220",938.72,492.49612426899
"1221",133.105998857641,269.123176989318
"1222",625.83,791.311817273368
"1223",273.47,346.042889967537
"1224",436.77,252.378973320351
"1225",187.22,406.638709612336
"1226",218.92,324.182875780656
"1227",174.3,354.271088336315
"1228",677.22,660.122521774692
"1229",1090.14,769.004221424822
"1230",523.84,233.746680115899
"1231",666.72,808.635343302902
"1232",288.33,324.347505352789
"1233",340.03,288.204684190771
"1234",134.76,438.4195482343
"1235",453.49,388.240513172285
"1236",853.69,456.741940731486
"1237",407.83,298.548635560999
"1238",236.83,326.484829231171
"1239",279.26,296.904677651699
"1240",142.87,227.960857087771
"1241",133.105998857641,379.249828675506
"1242",617.4,318.547760716312
"1243",591,409.672327234955
"1244",353.2,364.878391451574
"1245",225.25,368.501096394309
"1246",266.07,264.190843288817
"1247",291.7,400.180415142163
"1248",1124.1,420.574674882058
"1249",556.85,348.219016156296
"1250",377.55,441.854778190916
"1251",539.05,525.741274370834
"1252",313.47,287.091231744549
"1253",691.29,542.603463117831
"1254",776.51,358.615816588803
"1255",511.7,432.241143619785
"1256",1058.26,704.995382549811
"1257",241,314.777463632748
"1258",544.74,551.14241448431
"1259",561.9,545.433338210178
"1260",694.7,378.991432888933
"1261",265.8,244.946970829615
"1262",965.4,421.823544092228
"1263",652.21,451.979429609372
"1264",401.33,449.696997096578
"1265",1145.14648895204,756.494733010788
"1266",461.47,334.341801077674
"1267",337.1,385.952262321386
"1268",482.38,277.742586590574
"1269",468.43,339.217188042482
"1270",554.57,267.706809143678
"1271",630.06,433.588684954285
"1272",389,337.349190275298
"1273",805.31,758.692341791336
"1274",221.44,281.381930099478
"1275",393.76,483.690961688073
"1276",133.105998857641,422.888246467798
"1277",460.7,328.298737745193
"1278",253.33,328.503143985252
"1279",969.47,793.820515928082
"1280",611.94,719.062359639035
"1281",536.5,240.555610679626
"1282",413.91,364.038381892943
"1283",350.71,341.930803799928
"1284",308,424.018097274227
"1285",788.63,497.867878841308
"1286",407.08,477.672638322766
"1287",359.57,379.850887235018
"1288",617.08,802.529192776483
"1289",1142.03,838.315842181693
"1290",229.75,584.420260477902
"1291",360.35,445.522474193434
"1292",544.38,339.115720233372
"1293",553.97,315.551077249788
"1294",272.35,654.235878325001
"1295",200.34,536.291828754636
"1296",540.93,476.274292996239
"1297",311.94,391.44298689575
"1298",325.85,308.18693782315
"1299",283.3,292.193646239799
"1300",247.78,279.31924254521
"1301",133.105998857641,262.164846129044
"1302",467.21,441.44534981556
"1303",515.6,770.885339882399
"1304",458.81,387.511571126025
"1305",207.54,342.805177362227
"1306",286.39,394.901173641499
"1307",1145.14648895204,446.806660430201
"1308",263.02,426.80062363252
"1309",282.49,479.121384237389
"1310",173.04,272.687083175097
"1311",606.22,717.736722535941
"1312",475.48,526.031530376787
"1313",254.08,318.354779623519
"1314",237.69,235.376800933801
"1315",1107.67,493.730605610466
"1316",843.78,403.601381685206
"1317",434.85,393.840437247185
"1318",1145.14648895204,731.597333529129
"1319",560.2,308.645135577477
"1320",265.52,288.114557453437
"1321",723.35,398.812636678855
"1322",423.9,319.412581558191
"1323",227.32,324.017903331276
"1324",638.76,267.961925023239
"1325",426.96,322.295481598045
"1326",411.48,318.820287567931
"1327",1129.74,758.931783105799
"1328",495.96,724.44910714409
"1329",410.69,294.620040852719
"1330",329.92,229.165980091368
"1331",133.105998857641,230.689601035524
"1332",487.06,457.897141208475
"1333",183.08,323.060361690702
"1334",997.85,686.734190568893
"1335",133.105998857641,273.385172653869
"1336",433.8,824.915966788651
"1337",897.66,633.658872637251
"1338",511.1,374.297792632025
"1339",133.105998857641,319.404847535869
"1340",473.23,361.066345185769
"1341",443.09,318.77333697402
"1342",307.95,275.222497432721
"1343",133.105998857641,280.581554908135
"1344",774.63,360.151376721405
"1345",476.81,597.849948822268
"1346",366.27,598.462947335722
"1347",224.1,300.549134704701
"1348",382.34,554.41437599364
"1349",549.08,343.350523780623
"1350",319.31,465.090028987784
"1351",478.18,326.681943063919
"1352",243.79,375.634363647645
"1353",775.15,338.625868484237
"1354",266.11,375.700525522601
"1355",321.36,411.545896546605
"1356",191.09,415.820644478667
"1357",1145.14648895204,949.260425672084
"1358",133.105998857641,348.98478311414
"1359",153.46,319.677871008644
"1360",609.46,706.559489724241
"1361",133.11,442.902537979597
"1362",609.99,300.07914463167
"1363",262.48,295.801921053388
"1364",366.25,267.792771760245
"1365",454.4,461.766251806666
"1366",1145.14648895204,658.84396596903
"1367",508.76,730.200700355723
"1368",541.69,411.204073475044
"1369",237.49,267.007049985212
"1370",857.61,371.08463035022
"1371",673.21,487.276829471816
"1372",296.43,430.450978238984
"1373",436.89,853.877661800946
"1374",425.65,426.431815580444
"1375",302.61,307.069911534773
"1376",561.52,441.346258536658
"1377",544.02,461.218104965294
"1378",289.45,367.778504981941
"1379",199.31,368.429501166917
"1380",591.71,563.800828927948
"1381",725.88,519.78275144444
"1382",892.37,537.861785466636
"1383",1145.14648895204,358.18193809517
"1384",385.4,222.931902424972
"1385",257.77,309.881697655281
"1386",159.29,338.310079627857
"1387",266.8,459.477393811169
"1388",510.26,407.671969681787
"1389",518.97,486.337186597217
"1390",445.52,458.194718780715
"1391",369.58,429.518727044367
"1392",492.14,278.917669543439
"1393",209.88,285.187311975881
"1394",480.67,381.169248978139
"1395",391.53,269.818515375734
"1396",940.01,496.288281026311
"1397",395.54,296.815066324934
"1398",500.01,468.645106098617
"1399",496.41,374.247931062518
"1400",611.73,576.358851738194
"1401",226.04,480.463828937675
"1402",445.15,869.370349682864
"1403",512.35,317.733370283867
"1404",599.79,295.597262222848
"1405",1022.31,679.800579230213
"1406",133.105998857641,318.606992316853
"1407",961.92,592.414935338676
"1408",244.88,413.377932378529
"1409",133.105998857641,286.144787138952
"1410",467.37,360.297473452838
"1411",761.27,1127.29732061619
"1412",538.23,434.891250714277
"1413",319.08,407.726817376643
"1414",133.105998857641,227.555696454079
"1415",339.48,321.994272010884
"1416",476.68,305.95555822929
"1417",133.105998857641,491.004841100612
"1418",351.86,426.947994013218
"1419",633.58,592.068435395434
"1420",1082.57,466.231634819892
"1421",283.6,354.228030220252
"1422",359.44,357.421514327627
"1423",753.04,314.32025883281
"1424",184.43,284.577222184523
"1425",158.23,377.749475749042
"1426",497.1,329.459625125311
"1427",729.35,463.673795123382
"1428",604.97,837.765613266768
"1429",1145.14648895204,623.705478963877
"1430",438.37,312.844161492732
"1431",1145.14648895204,652.28093957941
"1432",267.66,350.059578921114
"1433",339.02,361.55942733524
"1434",761.83,651.589000462325
"1435",919,423.815128406364
"1436",160.05,276.740606638077
"1437",554.89,549.206435962371
"1438",1068.31,749.000093433377
"1439",1145.14648895204,957.357098128111
"1440",1145.14648895204,862.658341709599
"1441",689.77,637.776391274855
"1442",213.1,340.619996772131
"1443",588.13,351.132851751331
"1444",1145.14648895204,864.396165165255
"1445",159.38,334.468369556907
"1446",372.94,604.090828715954
"1447",384.9,475.155831540899
"1448",321.26,461.04002309352
"1449",133.105998857641,301.063110862194
"1450",449,306.532666631348
"1451",258.18,287.234568850482
"1452",536.19,645.860304571412
"1453",438.9,383.610056151319
"1454",452.34,775.658310355593
"1455",313.49,300.285822264722
"1456",1145.14648895204,742.319425679574
"1457",386.44,451.234735677304
"1458",234.64,383.432392408966
"1459",473.15,301.128290980267
"1460",356.68,305.013804039792
"1461",260.91,269.670015163141
"1462",133.105998857641,267.178271816932
"1463",291.01,498.564182093611
"1464",812.96,445.903540115519
"1465",1145.14648895204,780.341390133006
"1466",336,289.932393501897
"1467",225,337.112660505223
"1468",133.105998857641,282.995813701382
"1469",328.05,484.417763796953
"1470",767.65,508.66238379888
"1471",655.04,318.253230403023
"1472",635.86,383.217096655045
"1473",691.93,521.374083766368
"1474",1145.14648895204,817.174788373709
"1475",310.5,308.734406915278
"1476",297.72,337.800552732717
"1477",304,311.7213114263
"1478",764.95,397.398583273635
"1479",308.37,252.963817834326
"1480",305.24,335.830060714797
"1481",405.48,408.939929987616
"1482",425.19,371.952814437539
"1483",240.54,337.81347793553
"1484",318.61,270.112146504269
"1485",568.12,697.312788522196
"1486",629.79,310.7879543358
"1487",576.31,463.679368225925
"1488",133.105998857641,291.906275370917
"1489",343.7,317.925124192475
"1490",337.12,391.94785131051
"1491",479.29,311.097537347374
"1492",133.105998857641,341.508680009079
"1493",302.12,295.948948792234
"1494",133.105998857641,365.441160485293
"1495",516.03,380.224031896805
"1496",421.52,350.715459151342
"1497",388.63,275.694522347967
"1498",341.76,567.607317292074
"1499",1145.14648895204,843.349190902464
"1500",752.95,540.890662998572
